{
  "view/NotFound.view.xml": 1688853173815,
  "controller/Object.controller.js": 1688853173811,
  "model/models.js": 1688853173815,
  "model/formatter.js": 1688853173811,
  "controller/Worklist.controller.js": 1688853173811,
  "manifest.json": 1688921733118,
  "controller/NotFound.controller.js": 1688853173811,
  "controller/ErrorHandler.js": 1688853173807,
  "controller/BaseController.js": 1688853173807,
  "controller/App.controller.js": 1688853173807,
  "Component.js": 1688853173807,
  "Component-preload.js": 1688921733385,
  "controller/ErrorHandler-dbg.js": 1688853173807,
  "model/formatter-dbg.js": 1688853173811,
  "controller/Worklist-dbg.controller.js": 1688853173811,
  "controller/Object-dbg.controller.js": 1688853173811,
  "controller/NotFound-dbg.controller.js": 1688853173811,
  "model/models-dbg.js": 1688853173815,
  "controller/BaseController-dbg.js": 1688853173807,
  "controller/App-dbg.controller.js": 1688853173807,
  "Component-dbg.js": 1688853173807,
  "view/Worklist.view.xml": 1688853173815,
  "view/ObjectNotFound.view.xml": 1688853173815,
  "view/Object.view.xml": 1688853173815,
  "i18n/i18n.properties": 1688853173811,
  "view/App.view.xml": 1688853173815,
  "index.html": 1688853173811
}