{
  "css/style.css": 1688853235699,
  "Component.js": 1688853235699,
  "utils/locate-reuse-libs.js": 1688853235707,
  "model/models.js": 1688853235703,
  "controller/Home.controller.js": 1688853235699,
  "controller/App.controller.js": 1688853235699,
  "manifest.json": 1688921723671,
  "Component-preload.js": 1688921724053,
  "controller/App-dbg.controller.js": 1688853235699,
  "model/models-dbg.js": 1688853235703,
  "controller/Home-dbg.controller.js": 1688853235699,
  "utils/locate-reuse-libs-dbg.js": 1688853235707,
  "Component-dbg.js": 1688853235699,
  "view/Home.view.xml": 1688853235707,
  "view/App.view.xml": 1688853235707,
  "i18n/i18n.properties": 1688853235703,
  "index.html": 1688853235703
}