{
  "view/App.view.xml": 1688853200639,
  "model/models.js": 1688853200639,
  "utils/locate-reuse-libs.js": 1688853200639,
  "manifest.json": 1688921717826,
  "controller/Home.controller.js": 1688853200635,
  "controller/App.controller.js": 1688853200635,
  "Component.js": 1688853200635,
  "Component-preload.js": 1688921718401,
  "controller/App-dbg.controller.js": 1688853200635,
  "model/models-dbg.js": 1688853200639,
  "controller/Home-dbg.controller.js": 1688853200635,
  "utils/locate-reuse-libs-dbg.js": 1688853200639,
  "Component-dbg.js": 1688853200635,
  "view/Home.view.xml": 1688853200639,
  "i18n/i18n.properties": 1688853200635,
  "css/style.css": 1688853200635,
  "index.html": 1688853200639
}