{
  "Component-dbg.js": 1688853220719,
  "controller/Home.controller.js": 1688853220719,
  "utils/locate-reuse-libs.js": 1688853220723,
  "model/models.js": 1688853220723,
  "manifest.json": 1688921728661,
  "controller/App.controller.js": 1688853220719,
  "Component.js": 1688853220719,
  "Component-preload.js": 1688921728893,
  "utils/locate-reuse-libs-dbg.js": 1688853220723,
  "model/models-dbg.js": 1688853220723,
  "controller/Home-dbg.controller.js": 1688853220719,
  "controller/App-dbg.controller.js": 1688853220719,
  "i18n/i18n.properties": 1688853220719,
  "view/Home.view.xml": 1688853220723,
  "view/App.view.xml": 1688853220723,
  "css/style.css": 1688853220719,
  "index.html": 1688853220719
}