{
  "utils/locate-reuse-libs-dbg.js": 1669605543662,
  "utils/locate-reuse-libs.js": 1669605543662,
  "manifest.json": 1688682901900,
  "model/models.js": 1669605543662,
  "controller/Home.controller.js": 1670293181772,
  "controller/App.controller.js": 1669605543666,
  "Component.js": 1669605543658,
  "Component-preload.js": 1688682902121,
  "i18n/i18n.properties": 1669605655815,
  "model/models-dbg.js": 1669605543662,
  "controller/Home-dbg.controller.js": 1670293181772,
  "controller/App-dbg.controller.js": 1669605543666,
  "Component-dbg.js": 1669605543658,
  "view/Home.view.xml": 1670293381258,
  "view/App.view.xml": 1669605543670,
  "css/style.css": 1669605543666,
  "index.html": 1669605543658
}