{
  "model/models.js": 1668996320217,
  "i18n/i18n.properties": 1687920014833,
  "utils/locate-reuse-libs.js": 1668996320213,
  "manifest.json": 1688682898016,
  "controller/Home.controller.js": 1688673363786,
  "controller/App.controller.js": 1688586724234,
  "Component.js": 1688663811458,
  "Component-preload.js": 1688682898311,
  "controller/Home-dbg.controller.js": 1688673363786,
  "model/models-dbg.js": 1668996320217,
  "utils/locate-reuse-libs-dbg.js": 1668996320213,
  "controller/App-dbg.controller.js": 1688586724234,
  "Component-dbg.js": 1688663811458,
  "view/Home.view.xml": 1688504361108,
  "view/App.view.xml": 1668996320225,
  "css/style.css": 1668996320221,
  "index.html": 1687920004837
}