{
  "controller/NotFound-dbg.controller.js": 1688680104618,
  "model/models.js": 1688680104314,
  "manifest.json": 1688682909705,
  "model/formatter.js": 1688680104838,
  "controller/Worklist.controller.js": 1688680104766,
  "controller/Object.controller.js": 1688680104694,
  "controller/NotFound.controller.js": 1688680104618,
  "controller/ErrorHandler.js": 1688680104550,
  "controller/BaseController.js": 1688680104474,
  "controller/App.controller.js": 1688680104474,
  "Component.js": 1688680103938,
  "Component-preload.js": 1688682909944,
  "controller/App-dbg.controller.js": 1688680104474,
  "model/formatter-dbg.js": 1688680104838,
  "controller/Worklist-dbg.controller.js": 1688680104766,
  "controller/Object-dbg.controller.js": 1688680104694,
  "i18n/i18n.properties": 1688680104170,
  "controller/ErrorHandler-dbg.js": 1688680104550,
  "controller/BaseController-dbg.js": 1688680104474,
  "model/models-dbg.js": 1688680104314,
  "Component-dbg.js": 1688680103938,
  "view/Worklist.view.xml": 1688680105118,
  "view/ObjectNotFound.view.xml": 1688680105086,
  "view/Object.view.xml": 1688680105050,
  "view/NotFound.view.xml": 1688680104982,
  "view/App.view.xml": 1688680104982,
  "index.html": 1688680103938
}